{
    "version": 1,
    "author": "Anonymous maker",
    "editor": "wokwi",
    "parts": [
      {
        "type": "board-esp32-devkit-c-v4",
        "id": "esp",
        "top": 28.8,
        "left": -110.36,
        "rotate": 9000,
        "attrs": {}
      },
      { "type": "wokwi-dht22", "id": "dht1", "top": 557.1, "left": 90.6, "attrs": {} },
      {
        "type": "wokwi-photoresistor-sensor",
        "id": "ldr1",
        "top": 300.8,
        "left": -277.6,
        "attrs": {}
      },
      {
        "type": "board-ssd1306",
        "id": "oled1",
        "top": 406.34,
        "left": -38.17,
        "attrs": { "i2cAddress": "0x3c" }
      }
    ],
    "connections": [
      [ "esp:TX", "$serialMonitor:RX", "", [] ],
      [ "esp:RX", "$serialMonitor:TX", "", [] ],
      [ "dht1:DATA", "esp:19", "green", [ "v0" ] ],
      [ "oled1:SDA", "esp:21", "black", [ "v0" ] ],
      [ "oled1:SCL", "esp:22", "black", [ "v0" ] ],
      [ "oled1:GND", "esp:GND.2", "black", [ "v0" ] ],
      [ "oled1:VCC", "esp:3V3", "black", [ "v105.6", "h-105.45" ] ],
      [ "dht1:SDA", "esp:19", "black", [ "v0" ] ],
      [ "dht1:VCC", "esp:3V3", "black", [ "v0", "h-259.2" ] ],
      [ "ldr1:AO", "esp:34", "black", [ "h-19.2", "v-0.7" ] ],
      [ "ldr1:VCC", "esp:3V3", "black", [ "h-9.6", "v96" ] ],
      [ "ldr1:GND", "dht1:NC", "black", [ "h9.6", "v335.6", "h259.2" ] ]
    ],
    "dependencies": {}
  }